{
  "instances": [
    {
      "id": "53",
      "x": -1.4986758177167787,
      "y": 3.75891982941113,
      "z": -0.301918370765691
    }
  ]
}