{
  "instances": [
    {
      "Id": "0",
      "X1": -0.00500942,
      "X2": -0.00096371,
      "X3": 0.00057277,
      "X4": 0.00862299,
      "X5": 0.00566678,
      "X6": 0.00130194,
      "X7": -0.00063136,
      "X8": 0.0001299,
      "X9": -4.828e-05,
      "X10": 0.00776178,
      "X11": -0.00122644,
      "X12": 0.00044992,
      "X13": -0.00451854,
      "X14": -0.00088952,
      "X15": 0.00048922,
      "X16": 0.00061139,
      "X17": 0.00045307,
      "X18": 0.00059032,
      "X19": 4.335e-05,
      "X20": 7.839e-05,
      "X21": -1.933e-05,
      "X22": -0.00039585,
      "X23": -7.1e-06,
      "X24": 0.00018808,
      "X25": 0.00513333,
      "X26": 0.01040016,
      "X27": 0.00064639,
      "X28": 0.00787095,
      "X29": 0.00463118,
      "X30": 0.0009631,
      "X31": 9.164e-05,
      "X32": 0.00043831
    }
  ]
}